<?xml version="1.0" encoding="UTF-8" standalone="no"?><profileId profileId="MYTEST"><profileName>MYTEST</profileName><switchon id="1"/><switchoff id="1"/><dimmer id="1"/><SwitchItem id="1"><Light>&gt;[mosquitto:/nancy/kitchen/dishwasher:command:ON:ONRH_LIGHT</Light><Dishwasher>&gt;[mosquitto:/nancy/kitchen/dishwasher:command:ON:ONDISH1</Dishwasher><Node01>&gt;[mosquitto:/raspberry:command:ON:OL1N1L9N9S1100000000</Node01><Node02>&gt;[mosquitto:/raspberry:command:ON:OL1N0L2N1S1100000000</Node02></SwitchItem></profileId>