<?xml version="1.0" encoding="UTF-8"?>
<feature
      id="org.eclipse.jdt"
      label="%featureName"
      version="3.8.2.v20130116-090414-8-8nFu3FNOfwKLRuqgXKIy9z0I83"
      provider-name="%providerName"
      image="eclipse_update_120.jpg"
      
      >

   <description>
      %description
   </description>

   <copyright>
      %copyright
   </copyright>

   <license url="%licenseURL">
      %license
   </license>

   <requires>
      <import feature="org.eclipse.platform" version="3.8.1" match="greaterOrEqual"/>
   </requires>

   <plugin
         id="org.eclipse.jdt"
         download-size="0"
         install-size="0"
         version="3.8.1.v201302041200"
         unpack="false"/>

   <plugin
         id="org.eclipse.ant.ui"
         download-size="0"
         install-size="0"
         version="3.5.301.v20121210-210948"
         unpack="false"/>

   <plugin
         id="org.eclipse.jdt.apt.core"
         download-size="0"
         install-size="0"
         version="3.3.500.v20120522-1651"
         unpack="false"/>

   <plugin
         id="org.eclipse.jdt.apt.ui"
         download-size="0"
         install-size="0"
         version="3.3.300.v20120522-1651"
         unpack="false"/>

   <plugin
         id="org.eclipse.jdt.apt.pluggable.core"
         download-size="0"
         install-size="0"
         version="1.0.400.v20120522-1651"
         unpack="false"/>

   <plugin
         id="org.eclipse.jdt.compiler.apt"
         download-size="0"
         install-size="0"
         version="1.0.600.v20130116-050536"
         fragment="true"
         unpack="false"/>

   <plugin
         id="org.eclipse.jdt.compiler.tool"
         download-size="0"
         install-size="0"
         version="1.0.200.v20130116-050536"
         fragment="true"
         unpack="false"/>

   <plugin
         id="org.eclipse.jdt.core"
         download-size="0"
         install-size="0"
         version="3.8.3.v20130121-145325"
         unpack="false"/>

   <plugin
         id="org.eclipse.jdt.annotation"
         download-size="0"
         install-size="0"
         version="1.0.1.v20130111-135246"
         unpack="false"/>

   <plugin
         id="org.eclipse.jdt.core.manipulation"
         download-size="0"
         install-size="0"
         version="1.5.0.v20120523-1543"
         unpack="false"/>

   <plugin
         id="org.eclipse.jdt.debug.ui"
         download-size="0"
         install-size="0"
         version="3.6.100.v20120530-1425"
         unpack="false"/>

   <plugin
         id="org.eclipse.jdt.debug"
         download-size="0"
         install-size="0"
         version="3.7.101.v20120913-153601"/>

   <plugin
         id="org.eclipse.jdt.junit"
         download-size="0"
         install-size="0"
         version="3.7.100.v20120523-1543"
         unpack="false"/>

   <plugin
         id="org.eclipse.jdt.junit.core"
         download-size="0"
         install-size="0"
         version="3.7.100.v20120523-1257"
         unpack="false"/>

   <plugin
         id="org.eclipse.jdt.junit.runtime"
         download-size="0"
         install-size="0"
         version="3.4.301.v20120914-131016"
         unpack="false"/>

   <plugin
         id="org.eclipse.jdt.junit4.runtime"
         download-size="0"
         install-size="0"
         version="1.1.200.v20120523-1257"
         unpack="false"/>

   <plugin
         id="org.eclipse.jdt.launching"
         download-size="0"
         install-size="0"
         version="3.6.101.v20130111-183046"
         unpack="false"/>

   <plugin
         id="org.eclipse.jdt.ui"
         download-size="0"
         install-size="0"
         version="3.8.2.v20130107-165834"
         unpack="false"/>

   <plugin
         id="org.junit"
         download-size="0"
         install-size="0"
         version="4.10.0.v4_10_0_v20120426-0900"/>

   <plugin
         id="org.junit"
         download-size="0"
         install-size="0"
         version="3.8.2.v3_8_2_v20100427-1100"/>

   <plugin
         id="org.junit4"
         download-size="0"
         install-size="0"
         version="4.8.1.v20120523-1257"/>

   <plugin
         id="org.hamcrest.core"
         download-size="0"
         install-size="0"
         version="1.1.0.v20090501071000"
         unpack="false"/>

   <plugin
         id="org.eclipse.jdt.doc.user"
         download-size="0"
         install-size="0"
         version="3.8.2.v20130121-200410"
         unpack="false"/>

   <plugin
         id="org.eclipse.jdt.launching.macosx"
         os="macosx"
         download-size="0"
         install-size="0"
         version="3.2.100.v20120523-1953"
         unpack="false"/>

   <plugin
         id="org.eclipse.jdt.launching.ui.macosx"
         os="macosx"
         download-size="0"
         install-size="0"
         version="1.0.100.v20120913-154241"
         unpack="false"/>

   <plugin
         id="org.eclipse.ant.launching"
         download-size="0"
         install-size="0"
         version="1.0.200.v20120530-1204"
         unpack="false"/>

</feature>
