<?xml version="1.0" encoding="UTF-8"?>
<!--

    Copyright (c) 2010-2015, openHAB.org and others.

    All rights reserved. This program and the accompanying materials
    are made available under the terms of the Eclipse Public License v1.0
    which accompanies this distribution, and is available at
    http://www.eclipse.org/legal/epl-v10.html

-->
<feature
      id="org.openhab.dependencies.feature"
      label="openHAB Dependencies"
      version="1.7.0.201510250507"
      provider-name="openHAB.org">

   <description>
      This features defines all external bundles that both the openHAB
runtime and the openHAB designer rely on.
   </description>

   <copyright>
      Copyright (c) 2010-2014, openHAB.org &lt;admin@openhab.org&gt;
   </copyright>

  <license url="%licenseURL">
      %license
   </license>

   <requires>
      <import plugin="org.eclipse.osgi.services"/>
      <import plugin="org.eclipse.osgi" version="3.5.0" match="compatible"/>
   </requires>

   <plugin
         id="ch.qos.logback.classic"
         download-size="255"
         install-size="518"
         version="1.0.7.v20121108-1250"
         unpack="false"/>

   <plugin
         id="ch.qos.logback.slf4j"
         download-size="10"
         install-size="16"
         version="1.0.7.v20121108-1250"
         fragment="true"
         unpack="false"/>

   <plugin
         id="org.slf4j.api"
         download-size="34"
         install-size="61"
         version="1.7.2.v20121108-1250"
         unpack="false"/>

   <plugin
         id="org.slf4j.log4j"
         download-size="29"
         install-size="47"
         version="1.7.2.v20130115-1340"
         unpack="false"/>

   <plugin
         id="org.apache.commons.collections"
         download-size="598"
         install-size="1211"
         version="3.2.0.v2013030210310"
         unpack="false"/>

   <plugin
         id="org.apache.commons.io"
         download-size="166"
         install-size="327"
         version="2.0.1.v201105210651"
         unpack="false"/>

   <plugin
         id="org.apache.commons.lang"
         download-size="292"
         install-size="619"
         version="2.6.0.v201205030909"
         unpack="false"/>

   <plugin
         id="ch.qos.logback.core"
         download-size="380"
         install-size="722"
         version="1.0.7.v20121108-1250"
         unpack="false"/>

   <plugin
         id="org.eclipse.equinox.cm"
         download-size="62"
         install-size="120"
         version="1.0.400.v20120522-1841"
         unpack="false"/>

   <plugin
         id="org.eclipse.equinox.event"
         download-size="32"
         install-size="59"
         version="1.2.200.v20120522-2049"
         unpack="false"/>

   <plugin
         id="javax.activation"
         download-size="54"
         install-size="105"
         version="1.1.0.v201211130549"
         unpack="false"/>

   <plugin
         id="javax.servlet"
         download-size="196"
         install-size="705"
         version="3.0.0.v201112011016"
         unpack="false"/>

   <plugin
         id="org.eclipse.emf.common"
         download-size="209"
         install-size="426"
         version="2.8.0.v20130125-0546"
         unpack="false"/>

   <plugin
         id="org.eclipse.emf.ecore"
         download-size="1112"
         install-size="2766"
         version="2.8.3.v20130125-0546"
         unpack="false"/>

   <plugin
         id="org.eclipse.emf.ecore.xmi"
         download-size="217"
         install-size="468"
         version="2.8.1.v20130125-0546"
         unpack="false"/>

   <plugin
         id="org.eclipse.core.runtime"
         download-size="73"
         install-size="154"
         version="3.8.0.v20120912-155025"
         unpack="false"/>

   <plugin
         id="org.eclipse.core.contenttype"
         download-size="90"
         install-size="186"
         version="3.4.200.v20120523-2004"
         unpack="false"/>

   <plugin
         id="org.eclipse.xtext"
         download-size="2081"
         install-size="5072"
         version="2.3.0.v201206120633"
         unpack="false"/>

   <plugin
         id="org.eclipse.xtext.util"
         download-size="203"
         install-size="443"
         version="2.3.0.v201206120633"
         unpack="false"/>

   <plugin
         id="org.antlr.runtime"
         download-size="201"
         install-size="425"
         version="3.2.0.v201101311130"
         unpack="false"/>

   <plugin
         id="org.eclipse.xtext.common.types"
         download-size="400"
         install-size="1030"
         version="2.3.0.v201206120633"
         unpack="false"/>

   <plugin
         id="org.eclipse.xtext.ecore"
         download-size="15"
         install-size="25"
         version="2.3.0.v201206120633"
         unpack="false"/>

   <plugin
         id="com.google.inject"
         download-size="508"
         install-size="1162"
         version="3.0.0.v201203062045"
         unpack="false"/>

   <plugin
         id="org.eclipse.core.resources"
         download-size="791"
         install-size="1758"
         version="3.8.1.v20121114-124432"
         unpack="false"/>

   <plugin
         id="org.eclipse.text"
         download-size="243"
         install-size="481"
         version="3.5.200.v20120523-1310"
         unpack="false"/>

   <plugin
         id="org.eclipse.core.filesystem"
         download-size="56"
         install-size="106"
         version="1.3.200.v20130115-145044"
         unpack="false"/>

   <plugin
         id="org.eclipse.core.expressions"
         download-size="86"
         install-size="168"
         version="3.4.401.v20120912-155018"
         unpack="false"/>

   <plugin
         id="com.ibm.icu.base"
         download-size="177"
         install-size="363"
         version="50.1.1.v201304230130"
         unpack="false"/>

   <plugin
         id="org.eclipse.core.commands"
         download-size="106"
         install-size="199"
         version="3.6.2.v20130123-162658"
         unpack="false"/>

   <plugin
         id="org.slf4j.jcl"
         download-size="23"
         install-size="43"
         version="1.7.2.v20130115-1340"
         unpack="false"/>

   <plugin
         id="org.slf4j.jul"
         download-size="11"
         install-size="18"
         version="1.7.2.v20121108-1250"
         unpack="false"/>

   <plugin
         id="org.eclipse.equinox.ds"
         download-size="189"
         install-size="390"
         version="1.4.1.v20120926-201320"
         unpack="false"/>

   <plugin
         id="org.eclipse.equinox.util"
         download-size="76"
         install-size="139"
         version="1.0.400.v20120917-192807"
         unpack="false"/>

   <plugin
         id="org.apache.commons.net"
         download-size="287"
         install-size="564"
         version="3.2.0.v201305141515"
         unpack="false"/>

   <plugin
         id="javax.mail"
         download-size="313"
         install-size="588"
         version="1.4.0.v201005080615"
         unpack="false"/>

   <plugin
         id="org.eclipse.xtext.xbase"
         download-size="1349"
         install-size="3838"
         version="2.3.0.v201206120633"
         unpack="false"/>

   <plugin
         id="org.eclipse.xtext.xbase.lib"
         download-size="95"
         install-size="240"
         version="2.3.0.v201206120633"
         unpack="false"/>

   <plugin
         id="com.google.guava"
         download-size="1555"
         install-size="3542"
         version="10.0.1.v201203051515"
         unpack="false"/>

   <plugin
         id="org.apache.httpcomponents.httpclient"
         download-size="502"
         install-size="1009"
         version="4.1.3.v201209201135"
         unpack="false"/>

   <plugin
         id="org.apache.httpcomponents.httpcore"
         download-size="203"
         install-size="392"
         version="4.1.4.v201203221030"
         unpack="false"/>

   <plugin
         id="org.apache.commons.httpclient"
         download-size="314"
         install-size="650"
         version="3.1.0.v201012070820"
         unpack="false"/>

   <plugin
         id="org.apache.commons.codec"
         download-size="72"
         install-size="137"
         version="1.4.0.v201209201156"
         unpack="false"/>

   <plugin
         id="org.apache.commons.exec"
         download-size="61"
         install-size="116"
         version="1.1.0.v201301240602"
         unpack="false"/>

</feature>
