<?xml version="1.0" encoding="UTF-8"?>
<config transient="false" date="1445750679384">
	<site enabled="true" updateable="true" policy="USER-EXCLUDE" url="platform:/base/">
		<feature id="org.eclipse.xtext.ui" url="features/org.eclipse.xtext.ui_2.3.1.v201208210947/" version="2.3.1.v201208210947">
		</feature>
		<feature id="org.eclipse.equinox.p2.user.ui" url="features/org.eclipse.equinox.p2.user.ui_2.2.0.v20121212-204731-62DG9JXTlTj-UXcQ2y3NLn6U4Z3H/" version="2.2.0.v20121212-204731-62DG9JXTlTj-UXcQ2y3NLn6U4Z3H">
		</feature>
		<feature id="org.eclipse.emf.common" url="features/org.eclipse.emf.common_2.8.0.v20130125-0546/" version="2.8.0.v20130125-0546">
		</feature>
		<feature id="org.eclipse.emf.codegen" url="features/org.eclipse.emf.codegen_2.8.0.v20130125-0826/" version="2.8.0.v20130125-0826">
		</feature>
		<feature id="org.eclipse.emf.common.ui" url="features/org.eclipse.emf.common.ui_2.7.0.v20130125-0826/" version="2.7.0.v20130125-0826">
		</feature>
		<feature id="org.eclipse.xtext.runtime" url="features/org.eclipse.xtext.runtime_2.3.0.v201206120633/" version="2.3.0.v201206120633">
		</feature>
		<feature id="org.eclipse.jdt" url="features/org.eclipse.jdt_3.8.2.v20130116-090414-8-8nFu3FNOfwKLRuqgXKIy9z0I83/" version="3.8.2.v20130116-090414-8-8nFu3FNOfwKLRuqgXKIy9z0I83">
		</feature>
		<feature id="org.eclipse.rcp" url="features/org.eclipse.rcp_4.2.2.v20130129-152330-7IARAABrMQkGSvMgQnUlz-DQz00h/" version="4.2.2.v20130129-152330-7IARAABrMQkGSvMgQnUlz-DQz00h">
		</feature>
		<feature id="org.eclipse.emf.ecore" url="features/org.eclipse.emf.ecore_2.8.3.v20130125-0546/" version="2.8.3.v20130125-0546">
		</feature>
		<feature id="org.openhab.dependencies.feature" url="features/org.openhab.dependencies.feature_1.7.0.201510250507/" version="1.7.0.201510250507">
		</feature>
		<feature id="org.openhab.designer.feature" plugin-identifier="org.openhab.designer.core" url="features/org.openhab.designer.feature_1.7.0.201510250507/" version="1.7.0.201510250507">
		</feature>
		<feature id="org.eclipse.equinox.p2.extras.feature" url="features/org.eclipse.equinox.p2.extras.feature_1.1.0.v20121211-153934-7A6FEcDiVOTg2RYDuZuFz-L2z00w/" version="1.1.0.v20121211-153934-7A6FEcDiVOTg2RYDuZuFz-L2z00w">
		</feature>
		<feature id="org.eclipse.emf.ecore.edit" url="features/org.eclipse.emf.ecore.edit_2.8.0.v20130125-0826/" version="2.8.0.v20130125-0826">
		</feature>
		<feature id="org.eclipse.equinox.p2.rcp.feature" url="features/org.eclipse.equinox.p2.rcp.feature_1.1.0.v20121211-153934-785EoBqNKNZz-DW7sUc8hFwz00wd/" version="1.1.0.v20121211-153934-785EoBqNKNZz-DW7sUc8hFwz00wd">
		</feature>
		<feature id="org.eclipse.e4.rcp" url="features/org.eclipse.e4.rcp_1.1.2.v20130130-191718-91FUvGP7GIX2Kgz-z-gvjMvXV1NS/" version="1.1.2.v20130130-191718-91FUvGP7GIX2Kgz-z-gvjMvXV1NS">
		</feature>
		<feature id="org.eclipse.platform" url="features/org.eclipse.platform_4.2.1.v20130118-173121-9MF7GHYdG0B5kx4E_SkfZV-1mNjVATf67ZAb7/" version="4.2.1.v20130118-173121-9MF7GHYdG0B5kx4E_SkfZV-1mNjVATf67ZAb7">
		</feature>
		<feature id="org.eclipse.xtext.xbase" url="features/org.eclipse.xtext.xbase_2.3.0.v201206120633/" version="2.3.0.v201206120633">
		</feature>
		<feature id="org.eclipse.help" plugin-identifier="org.eclipse.help.base" url="features/org.eclipse.help_1.4.1.v20120912-144938-8R7xFOXFLWUl7PpNBh_HIGkb4/" version="1.4.1.v20120912-144938-8R7xFOXFLWUl7PpNBh_HIGkb4">
		</feature>
		<feature id="org.eclipse.emf.mwe2.runtime.sdk" url="features/org.eclipse.emf.mwe2.runtime.sdk_2.3.0.v201206110920/" version="2.3.0.v201206110920">
		</feature>
		<feature id="org.eclipse.emf.edit.ui" url="features/org.eclipse.emf.edit.ui_2.8.0.v20130125-0826/" version="2.8.0.v20130125-0826">
		</feature>
		<feature id="org.eclipse.emf.mwe2.runtime.sdk.source" url="features/org.eclipse.emf.mwe2.runtime.sdk.source_2.3.0.v201206110920/" version="2.3.0.v201206110920">
		</feature>
		<feature id="org.eclipse.emf.edit" url="features/org.eclipse.emf.edit_2.8.0.v20130125-0826/" version="2.8.0.v20130125-0826">
		</feature>
		<feature id="org.eclipse.equinox.p2.core.feature" url="features/org.eclipse.equinox.p2.core.feature_1.1.0.v20121211-153934-8297FndFWmE7h7Bpz-vcqkxyKz0/" version="1.1.0.v20121211-153934-8297FndFWmE7h7Bpz-vcqkxyKz0">
		</feature>
	</site>
</config>
