<?xml version="1.0" encoding="UTF-8"?>
<feature
      id="org.eclipse.xtext.ui"
      label="%featureName"
      version="2.3.1.v201208210947"
      provider-name="%providerName">

   <description>
      %description
   </description>

   <copyright>
      Copyright (c) 2009 itemis AG (http://www.itemis.eu) and others.

All rights reserved. This program and the accompanying materials
are made available under the terms of the Eclipse Public License
v1.0 which accompanies this distribution, and is available at
http://www.eclipse.org/legal/epl-v10.html Description here.
   </copyright>

   <license url="http://www.eclipse.org/legal/epl-v10.html">
      %license
   </license>

   <requires>
      <import feature="org.eclipse.xtext.runtime" version="2.3.0" match="equivalent"/>
   </requires>

   <plugin
         id="org.eclipse.xtext.ui"
         download-size="0"
         install-size="0"
         version="2.3.1.v201208210947"
         unpack="false"/>

   <plugin
         id="org.eclipse.xtext.common.types.ui"
         download-size="0"
         install-size="0"
         version="2.3.1.v201208210947"
         unpack="false"/>

   <plugin
         id="org.eclipse.xtext.common.types.shared"
         download-size="0"
         install-size="0"
         version="2.3.1.v201208210947"
         unpack="false"/>

   <plugin
         id="org.eclipse.xtext.common.types.shared.jdt38"
         download-size="0"
         install-size="0"
         version="2.3.1.v201208210947"
         fragment="true"
         unpack="false"/>

   <plugin
         id="org.eclipse.xtext.ui.shared"
         download-size="0"
         install-size="0"
         version="2.3.1.v201208210947"
         unpack="false"/>

   <plugin
         id="org.eclipse.xtext.ui.ecore"
         download-size="0"
         install-size="0"
         version="2.3.1.v201208210947"
         unpack="false"/>

   <plugin
         id="org.eclipse.xtext.ui.codetemplates"
         download-size="0"
         install-size="0"
         version="2.3.1.v201208210947"
         unpack="false"/>

   <plugin
         id="org.eclipse.xtext.ui.codetemplates.ui"
         download-size="0"
         install-size="0"
         version="2.3.1.v201208210947"
         unpack="false"/>

   <plugin
         id="org.eclipse.xtext.common.types.edit"
         download-size="0"
         install-size="0"
         version="2.3.1.v201208210947"
         unpack="false"/>

</feature>
