<?xml version='1.0' encoding='UTF-8'?>
<?artifactRepository version='1.1.0'?>
<repository name='download cache' type='org.eclipse.equinox.p2.artifact.repository.simpleRepository' version='1.0.0'>
  <properties size='2'>
    <property name='p2.system' value='true'/>
    <property name='p2.timestamp' value='1445750653563'/>
  </properties>
  <mappings size='3'>
    <rule filter='(&amp; (classifier=osgi.bundle))' output='${repoUrl}/plugins/${id}_${version}.jar'/>
    <rule filter='(&amp; (classifier=binary))' output='${repoUrl}/binary/${id}_${version}'/>
    <rule filter='(&amp; (classifier=org.eclipse.update.feature))' output='${repoUrl}/features/${id}_${version}.jar'/>
  </mappings>
  <artifacts size='7'>
    <artifact classifier='binary' id='org.eclipse.xtext.runtime_root' version='2.3.0.v201206120633'>
      <properties size='1'>
        <property name='download.size' value='8523'/>
      </properties>
    </artifact>
    <artifact classifier='binary' id='org.eclipse.xtext.ui_root' version='2.3.1.v201208210947'>
      <properties size='1'>
        <property name='download.size' value='8523'/>
      </properties>
    </artifact>
    <artifact classifier='binary' id='org.eclipse.rcp_root' version='4.2.2.v20130129-152330-7IARAABrMQkGSvMgQnUlz-DQz00h'>
      <properties size='1'>
        <property name='download.size' value='37952'/>
      </properties>
    </artifact>
    <artifact classifier='binary' id='org.openhab.designer.product.executable.gtk.linux.x86' version='1.7.0.201510250507'>
      <properties size='1'>
        <property name='download.size' value='149975'/>
      </properties>
    </artifact>
    <artifact classifier='binary' id='org.eclipse.emf.mwe2.runtime.sdk_root' version='2.3.0.v201206110920'>
      <properties size='1'>
        <property name='download.size' value='8523'/>
      </properties>
    </artifact>
    <artifact classifier='binary' id='org.eclipse.platform_root' version='4.2.1.v20130118-173121-9MF7GHYdG0B5kx4E_SkfZV-1mNjVATf67ZAb7'>
      <properties size='1'>
        <property name='download.size' value='38125'/>
      </properties>
    </artifact>
    <artifact classifier='binary' id='org.eclipse.jdt_root' version='3.8.2.v20130116-090414-8-8nFu3FNOfwKLRuqgXKIy9z0I83'>
      <properties size='1'>
        <property name='download.size' value='8902'/>
      </properties>
    </artifact>
  </artifacts>
</repository>
